Leadership Team Y/N,Roles
Non Leadership Team ,ACSM
Non Leadership Team ,Agency Dev Lead
Non Leadership Team ,Biz Affairs Lead
Non Leadership Team ,Biz Affairs Manager
Non Leadership Team ,Biz Ops Lead
Non Leadership Team ,Biz Ops Manager
Non Leadership Team ,Client Analytics Manager
Non Leadership Team ,CSM
Non Leadership Team ,Data Insights Manager
Leadership Team,LT CSDI
Leadership Team,LT Sales & Ops
Non Leadership Team ,Manager CS
Non Leadership Team ,MSA Sales Manager
Non Leadership Team ,PSM
Non Leadership Team ,Sales Manager
Non Leadership Team ,Sales Planner
Non Leadership Team ,Sales Systems Lead
Non Leadership Team ,Sales Systems Manager
Non Leadership Team ,Sr. CSM
Non Leadership Team ,Team Lead Data Insights
Non Leadership Team ,Team Lead Sales
